{"m": [0.03233019828796378, 0.03163212776184086, 0.027944297790527373, 0.020789060592651346, 0.025760087966918938, 0.03155653953552257, 0.03507281303405754, 0.03687469482421868, 0.0352439022064209], "b": [17.728692436218267, 17.221583366394036, 16.565009307861327, 13.200776290893554, 17.298107719421385, 16.248564720153798, 15.61340227127077, 13.09970550537111, 14.1804684638977]}